Payload Capacity,MSE,PSNR,SSIM,Q Index
10%,0.003338,74.761612,0.999999,0.999999
25%,0.005510,72.039112,0.999999,0.999999
50%,0.004817,72.565067,0.999999,0.999999
75%,0.004817,72.565067,0.999999,0.999999
90%,0.009155,69.345817,0.999999,0.999999
